10020	FAIL	(Anti-clickjacking header missing)
10021	FAIL	(X-Content-Type-Options missing)
10038	FAIL	(Content Security Policy header not set)
10010	FAIL	(Cookie no HttpOnly flag)
10054	FAIL	(Cookie without SameSite attribute)
10037	FAIL	(Server leaks information via X-Powered-By)
10023	FAIL	(Information disclosure - debug error messages)
90022	FAIL	(Application error disclosure)
10011	IGNORE	(Cookie without Secure flag — staging по http, Secure проверяется тестом приложения)
10035	IGNORE	(Strict-Transport-Security — staging по http)
10096	IGNORE	(Timestamp disclosure)
10049	IGNORE	(Storable and cacheable content)
